,bumps,dfo,gofit,gsl,levmar,mantid,minuit,ralfit,scipy,scipy_ls
,lm-bumps,dfols,regularisation: j:scipy 2-point,lmsder: j:scipy 2-point,levmar: j:scipy 2-point,Levenberg-Marquardt: j:scipy 2-point,minuit,gn: j:scipy 2-point,Nelder-Mead,lm-scipy: j:scipy 2-point
1D sphere (synthetic neutron) IV0,239.1 (1),239.1 (1),239.1 (1),239.1 (1),239.1 (1),239.1 (1),239.1 (1),239.1 (1),239.1 (1),239.1 (1)
DANWOOD,0.001098 (1),0.001098 (1),0.001098 (1),0.001098 (1),0.001098 (1),0.001098 (1),0.001142 (1.04),0.001098 (1),0.001098 (1),0.001098 
"DanWood, Start 1",0.001098 (1),0.001098 (1),0.001098 (1),0.001098 (1),0.001098 (1),0.001098 (1),0.001171 (1.066),0.001098 (1),0.001098 (1),0.001098 (1)
"DanWood, Start 2",0.001098 (1),0.001098 (1),0.001098 (1),0.001098 (1),0.001098 (1),0.001098 (1),0.001183 (1.078),0.001098 (1),0.001098 (1),0.001098 (1)
trig_noisy-fba,0.7222 (1),0.7222 (1),0.7222 (1),0.7222 (1),0.7222 (1),0.7222 (1)[2],0.7222 (1),0.7222 (1),0.7222 (1),0.7222 (1)